<?xml version="1.0" encoding="UTF-8"?>
<GenRun Id="synth_1" LaunchPart="xc7a35tcpg236-1" LaunchTime="1655293269">
  <File Type="PA-TCL" Name="EPVM_Source1.tcl"/>
  <File Type="RDS-PROPCONSTRS" Name="EPVM_Source1_drc_synth.rpt"/>
  <File Type="REPORTS-TCL" Name="EPVM_Source1_reports.tcl"/>
  <File Type="RDS-RDS" Name="EPVM_Source1.vds"/>
  <File Type="RDS-UTIL" Name="EPVM_Source1_utilization_synth.rpt"/>
  <File Type="RDS-UTIL-PB" Name="EPVM_Source1_utilization_synth.pb"/>
  <File Type="RDS-DCP" Name="EPVM_Source1.dcp"/>
  <File Type="VDS-TIMINGSUMMARY" Name="EPVM_Source1_timing_summary_synth.rpt"/>
  <File Type="VDS-TIMING-PB" Name="EPVM_Source1_timing_summary_synth.pb"/>
  <FileSet Name="sources" Type="DesignSrcs" RelSrcDir="$PSRCDIR/sources_1" RelGenDir="$PGENDIR/sources_1">
    <Filter Type="Srcs"/>
    <File Path="$PSRCDIR/sources_1/new/EPVM2.vhd">
      <FileInfo>
        <Attr Name="ImportPath" Val="$PPRDIR/../../neu/neu.srcs/sources_1/new/EPVM2.vhd"/>
        <Attr Name="ImportTime" Val="1640965022"/>
        <Attr Name="UsedIn" Val="synthesis"/>
        <Attr Name="UsedIn" Val="simulation"/>
      </FileInfo>
    </File>
    <Config>
      <Option Name="DesignMode" Val="RTL"/>
      <Option Name="TopModule" Val="EPVM_Source1"/>
    </Config>
  </FileSet>
  <FileSet Name="constrs_in" Type="Constrs" RelSrcDir="$PSRCDIR/constrs_1">
    <Filter Type="Constrs"/>
    <File Path="$PSRCDIR/constrs_1/new/const.xdc">
      <FileInfo>
        <Attr Name="ImportPath" Val="$PPRDIR/../../neu/neu.srcs/constrs_1/new/const.xdc"/>
        <Attr Name="ImportTime" Val="1640837788"/>
        <Attr Name="UsedIn" Val="synthesis"/>
        <Attr Name="UsedIn" Val="implementation"/>
      </FileInfo>
    </File>
    <File Path="$PPRDIR/../zedboard_master_XDC_RevC_D_v3.xdc">
      <FileInfo>
        <Attr Name="UsedIn" Val="synthesis"/>
        <Attr Name="UsedIn" Val="implementation"/>
      </FileInfo>
    </File>
    <Config>
      <Option Name="TargetConstrsFile" Val="$PSRCDIR/constrs_1/new/const.xdc"/>
      <Option Name="ConstrsType" Val="XDC"/>
    </Config>
  </FileSet>
  <FileSet Name="utils" Type="Utils" RelSrcDir="$PSRCDIR/utils_1">
    <Filter Type="Utils"/>
    <Config>
      <Option Name="TopAutoSet" Val="TRUE"/>
    </Config>
  </FileSet>
  <Strategy Version="1" Minor="2">
    <StratHandle Name="Vivado Synthesis Defaults" Flow="Vivado Synthesis 2021"/>
    <Step Id="synth_design"/>
  </Strategy>
</GenRun>
