<?xml version="1.0" encoding="UTF-8"?>
<GenRun Id="impl_1" LaunchPart="xc7a35tcpg236-1" LaunchTime="1655293269">
  <File Type="ROUTE-PWR" Name="EPVM_Source1_power_routed.rpt"/>
  <File Type="PA-TCL" Name="EPVM_Source1.tcl"/>
  <File Type="BITSTR-MMI" Name="EPVM_Source1.mmi"/>
  <File Type="OPT-METHODOLOGY-DRC" Name="EPVM_Source1_methodology_drc_opted.rpt"/>
  <File Type="INIT-TIMING" Name="EPVM_Source1_timing_summary_init.rpt"/>
  <File Type="ROUTE-PWR-SUM" Name="EPVM_Source1_power_summary_routed.pb"/>
  <File Type="REPORTS-TCL" Name="EPVM_Source1_reports.tcl"/>
  <File Type="OPT-TIMING" Name="EPVM_Source1_timing_summary_opted.rpt"/>
  <File Type="OPT-DCP" Name="EPVM_Source1_opt.dcp"/>
  <File Type="OPT-DRC" Name="EPVM_Source1_drc_opted.rpt"/>
  <File Type="OPT-HWDEF" Name="EPVM_Source1.hwdef"/>
  <File Type="PWROPT-DCP" Name="EPVM_Source1_pwropt.dcp"/>
  <File Type="PWROPT-DRC" Name="EPVM_Source1_drc_pwropted.rpt"/>
  <File Type="PWROPT-TIMING" Name="EPVM_Source1_timing_summary_pwropted.rpt"/>
  <File Type="PLACE-DCP" Name="EPVM_Source1_placed.dcp"/>
  <File Type="PLACE-IO" Name="EPVM_Source1_io_placed.rpt"/>
  <File Type="PLACE-CLK" Name="EPVM_Source1_clock_utilization_placed.rpt"/>
  <File Type="PLACE-UTIL" Name="EPVM_Source1_utilization_placed.rpt"/>
  <File Type="PLACE-UTIL-PB" Name="EPVM_Source1_utilization_placed.pb"/>
  <File Type="PLACE-CTRL" Name="EPVM_Source1_control_sets_placed.rpt"/>
  <File Type="PLACE-SIMILARITY" Name="EPVM_Source1_incremental_reuse_placed.rpt"/>
  <File Type="PLACE-PRE-SIMILARITY" Name="EPVM_Source1_incremental_reuse_pre_placed.rpt"/>
  <File Type="BG-BIN" Name="EPVM_Source1.bin"/>
  <File Type="PLACE-TIMING" Name="EPVM_Source1_timing_summary_placed.rpt"/>
  <File Type="POSTPLACE-PWROPT-DCP" Name="EPVM_Source1_postplace_pwropt.dcp"/>
  <File Type="BITSTR-MSK" Name="EPVM_Source1.msk"/>
  <File Type="POSTPLACE-PWROPT-TIMING" Name="EPVM_Source1_timing_summary_postplace_pwropted.rpt"/>
  <File Type="PHYSOPT-DCP" Name="EPVM_Source1_physopt.dcp"/>
  <File Type="PHYSOPT-DRC" Name="EPVM_Source1_drc_physopted.rpt"/>
  <File Type="BITSTR-RBT" Name="EPVM_Source1.rbt"/>
  <File Type="PHYSOPT-TIMING" Name="EPVM_Source1_timing_summary_physopted.rpt"/>
  <File Type="ROUTE-ERROR-DCP" Name="EPVM_Source1_routed_error.dcp"/>
  <File Type="ROUTE-DCP" Name="EPVM_Source1_routed.dcp"/>
  <File Type="ROUTE-BLACKBOX-DCP" Name="EPVM_Source1_routed_bb.dcp"/>
  <File Type="ROUTE-DRC" Name="EPVM_Source1_drc_routed.rpt"/>
  <File Type="ROUTE-DRC-PB" Name="EPVM_Source1_drc_routed.pb"/>
  <File Type="ROUTE-DRC-RPX" Name="EPVM_Source1_drc_routed.rpx"/>
  <File Type="ROUTE-METHODOLOGY-DRC" Name="EPVM_Source1_methodology_drc_routed.rpt"/>
  <File Type="ROUTE-METHODOLOGY-DRC-RPX" Name="EPVM_Source1_methodology_drc_routed.rpx"/>
  <File Type="ROUTE-METHODOLOGY-DRC-PB" Name="EPVM_Source1_methodology_drc_routed.pb"/>
  <File Type="ROUTE-PWR-RPX" Name="EPVM_Source1_power_routed.rpx"/>
  <File Type="ROUTE-STATUS" Name="EPVM_Source1_route_status.rpt"/>
  <File Type="ROUTE-STATUS-PB" Name="EPVM_Source1_route_status.pb"/>
  <File Type="ROUTE-TIMINGSUMMARY" Name="EPVM_Source1_timing_summary_routed.rpt"/>
  <File Type="ROUTE-TIMING-PB" Name="EPVM_Source1_timing_summary_routed.pb"/>
  <File Type="ROUTE-TIMING-RPX" Name="EPVM_Source1_timing_summary_routed.rpx"/>
  <File Type="ROUTE-SIMILARITY" Name="EPVM_Source1_incremental_reuse_routed.rpt"/>
  <File Type="ROUTE-CLK" Name="EPVM_Source1_clock_utilization_routed.rpt"/>
  <File Type="ROUTE-BUS-SKEW" Name="EPVM_Source1_bus_skew_routed.rpt"/>
  <File Type="ROUTE-BUS-SKEW-PB" Name="EPVM_Source1_bus_skew_routed.pb"/>
  <File Type="ROUTE-BUS-SKEW-RPX" Name="EPVM_Source1_bus_skew_routed.rpx"/>
  <File Type="POSTROUTE-PHYSOPT-DCP" Name="EPVM_Source1_postroute_physopt.dcp"/>
  <File Type="POSTROUTE-PHYSOPT-BLACKBOX-DCP" Name="EPVM_Source1_postroute_physopt_bb.dcp"/>
  <File Type="POSTROUTE-PHYSOPT-TIMING" Name="EPVM_Source1_timing_summary_postroute_physopted.rpt"/>
  <File Type="POSTROUTE-PHYSOPT-TIMING-PB" Name="EPVM_Source1_timing_summary_postroute_physopted.pb"/>
  <File Type="POSTROUTE-PHYSOPT-TIMING-RPX" Name="EPVM_Source1_timing_summary_postroute_physopted.rpx"/>
  <File Type="POSTROUTE-PHYSOPT-BUS-SKEW" Name="EPVM_Source1_bus_skew_postroute_physopted.rpt"/>
  <File Type="BG-BIT" Name="EPVM_Source1.bit"/>
  <File Type="POSTROUTE-PHYSOPT-BUS-SKEW-PB" Name="EPVM_Source1_bus_skew_postroute_physopted.pb"/>
  <File Type="POSTROUTE-PHYSOPT-BUS-SKEW-RPX" Name="EPVM_Source1_bus_skew_postroute_physopted.rpx"/>
  <File Type="BITSTR-NKY" Name="EPVM_Source1.nky"/>
  <File Type="BITSTR-BMM" Name="EPVM_Source1_bd.bmm"/>
  <File Type="PDI-FILE" Name="EPVM_Source1.pdi"/>
  <File Type="RCFI_FILE" Name="EPVM_Source1.rcfi"/>
  <File Type="CFI_FILE" Name="EPVM_Source1.cfi"/>
  <File Type="RNPI_FILE" Name="EPVM_Source1.rnpi"/>
  <File Type="NPI_FILE" Name="EPVM_Source1.npi"/>
  <File Type="RBD_FILE" Name="EPVM_Source1.rbd"/>
  <File Type="BITSTR-LTX" Name="debug_nets.ltx"/>
  <File Type="BITSTR-LTX" Name="EPVM_Source1.ltx"/>
  <File Type="BITSTR-SYSDEF" Name="EPVM_Source1.sysdef"/>
  <File Type="BG-BGN" Name="EPVM_Source1.bgn"/>
  <File Type="BG-DRC" Name="EPVM_Source1.drc"/>
  <File Type="RDI-RDI" Name="EPVM_Source1.vdi"/>
  <File Type="WBT-USG" Name="usage_statistics_webtalk.html"/>
  <File Type="ROUTE-RQS" Name="EPVM_Source1_routed.rqs"/>
  <File Type="POSTROUTE-PHYSOPT-RQS" Name="EPVM_Source1_postroute_physopted.rqs"/>
  <File Type="ROUTE-RQS-RPT" Name="route_report_qor_suggestions_0.rpt"/>
  <File Type="POSTROUTE-PHYSOPT-RQS-RPT" Name="postroute_physopt_report_qor_suggestions_0.rpt"/>
  <FileSet Name="sources" Type="DesignSrcs" RelSrcDir="$PSRCDIR/sources_1" RelGenDir="$PGENDIR/sources_1">
    <Filter Type="Srcs"/>
    <File Path="$PSRCDIR/sources_1/new/EPVM2.vhd">
      <FileInfo>
        <Attr Name="ImportPath" Val="$PPRDIR/../../neu/neu.srcs/sources_1/new/EPVM2.vhd"/>
        <Attr Name="ImportTime" Val="1640965022"/>
        <Attr Name="UsedIn" Val="synthesis"/>
        <Attr Name="UsedIn" Val="simulation"/>
      </FileInfo>
    </File>
    <Config>
      <Option Name="DesignMode" Val="RTL"/>
      <Option Name="TopModule" Val="EPVM_Source1"/>
    </Config>
  </FileSet>
  <FileSet Name="constrs_in" Type="Constrs" RelSrcDir="$PSRCDIR/constrs_1">
    <Filter Type="Constrs"/>
    <File Path="$PSRCDIR/constrs_1/new/const.xdc">
      <FileInfo>
        <Attr Name="ImportPath" Val="$PPRDIR/../../neu/neu.srcs/constrs_1/new/const.xdc"/>
        <Attr Name="ImportTime" Val="1640837788"/>
        <Attr Name="UsedIn" Val="synthesis"/>
        <Attr Name="UsedIn" Val="implementation"/>
      </FileInfo>
    </File>
    <File Path="$PPRDIR/../zedboard_master_XDC_RevC_D_v3.xdc">
      <FileInfo>
        <Attr Name="UsedIn" Val="synthesis"/>
        <Attr Name="UsedIn" Val="implementation"/>
      </FileInfo>
    </File>
    <Config>
      <Option Name="TargetConstrsFile" Val="$PSRCDIR/constrs_1/new/const.xdc"/>
      <Option Name="ConstrsType" Val="XDC"/>
    </Config>
  </FileSet>
  <FileSet Name="utils" Type="Utils" RelSrcDir="$PSRCDIR/utils_1">
    <Filter Type="Utils"/>
    <Config>
      <Option Name="TopAutoSet" Val="TRUE"/>
    </Config>
  </FileSet>
  <Strategy Version="1" Minor="2">
    <StratHandle Name="Vivado Implementation Defaults" Flow="Vivado Implementation 2021"/>
    <Step Id="init_design"/>
    <Step Id="opt_design"/>
    <Step Id="power_opt_design"/>
    <Step Id="place_design"/>
    <Step Id="post_place_power_opt_design"/>
    <Step Id="phys_opt_design"/>
    <Step Id="route_design"/>
    <Step Id="post_route_phys_opt_design"/>
    <Step Id="write_bitstream"/>
  </Strategy>
</GenRun>
